-- phpMyAdmin SQL Dump
-- version 5.2.1
-- https://www.phpmyadmin.net/
--
-- Servidor: 127.0.0.1
-- Tiempo de generación: 22-02-2026 a las 20:17:25
-- Versión del servidor: 10.4.32-MariaDB
-- Versión de PHP: 8.2.12

SET SQL_MODE = "NO_AUTO_VALUE_ON_ZERO";
START TRANSACTION;
SET time_zone = "+00:00";


/*!40101 SET @OLD_CHARACTER_SET_CLIENT=@@CHARACTER_SET_CLIENT */;
/*!40101 SET @OLD_CHARACTER_SET_RESULTS=@@CHARACTER_SET_RESULTS */;
/*!40101 SET @OLD_COLLATION_CONNECTION=@@COLLATION_CONNECTION */;
/*!40101 SET NAMES utf8mb4 */;

--
-- Base de datos: `biblioteca`
--

-- --------------------------------------------------------

--
-- Estructura de tabla para la tabla `autores`
--

CREATE TABLE `autores` (
  `id_autor` int(11) NOT NULL,
  `nombre` varchar(100) NOT NULL,
  `Nacionalidad` varchar(100) DEFAULT NULL,
  `Fecha_Nacimiento` date DEFAULT NULL
) ENGINE=InnoDB DEFAULT CHARSET=utf8mb4 COLLATE=utf8mb4_general_ci;

--
-- Volcado de datos para la tabla `autores`
--

INSERT INTO `autores` (`id_autor`, `nombre`, `Nacionalidad`, `Fecha_Nacimiento`) VALUES
(1, 'Gabriel García Márquez', NULL, NULL),
(2, 'Isabel Allende', NULL, NULL),
(3, 'Mario Vargas Llosa', NULL, NULL),
(4, 'Gabriel García Márquez', 'Colombiano', '1927-03-06'),
(5, 'J.K. Rowling', 'Británica', '1965-07-31'),
(6, 'George Orwell', 'Británica', '1903-06-25');

-- --------------------------------------------------------

--
-- Estructura de tabla para la tabla `categorias`
--

CREATE TABLE `categorias` (
  `ID_Categoria` int(11) NOT NULL,
  `Nombre_Categoria` varchar(100) DEFAULT NULL
) ENGINE=InnoDB DEFAULT CHARSET=utf8mb4 COLLATE=utf8mb4_general_ci;

--
-- Volcado de datos para la tabla `categorias`
--

INSERT INTO `categorias` (`ID_Categoria`, `Nombre_Categoria`) VALUES
(1, 'Novela'),
(2, 'Ciencia Ficción'),
(3, 'Fantasía'),
(4, 'Ensayo'),
(5, 'Novela'),
(6, 'Ciencia Ficción'),
(7, 'Fantasía'),
(8, 'Ensayo');

-- --------------------------------------------------------

--
-- Estructura de tabla para la tabla `libros`
--

CREATE TABLE `libros` (
  `id_libro` int(11) NOT NULL,
  `titulo` varchar(150) NOT NULL,
  `id_autor` int(11) DEFAULT NULL,
  `id_categoria` int(11) DEFAULT NULL,
  `año_publicacion` year(4) DEFAULT NULL,
  `disponible` varchar(10) DEFAULT NULL
) ENGINE=InnoDB DEFAULT CHARSET=utf8mb4 COLLATE=utf8mb4_general_ci;

--
-- Volcado de datos para la tabla `libros`
--

INSERT INTO `libros` (`id_libro`, `titulo`, `id_autor`, `id_categoria`, `año_publicacion`, `disponible`) VALUES
(1, 'Cien Años de Soledad', 1, NULL, NULL, 'No'),
(2, 'La Casa de los Espíritus', 2, NULL, NULL, 'Si'),
(4, 'Cien Años de Soledad', 1, 1, '1967', '1'),
(5, 'Harry Potter y la Piedra Filosofal', 2, 3, '1997', '1'),
(6, '1984', 3, 2, '1949', '1');

-- --------------------------------------------------------

--
-- Estructura de tabla para la tabla `prestamos`
--

CREATE TABLE `prestamos` (
  `id_prestamo` int(11) NOT NULL,
  `id_libro` int(11) DEFAULT NULL,
  `fecha_prestamo` date DEFAULT NULL,
  `fecha_devolucion` date DEFAULT NULL
) ENGINE=InnoDB DEFAULT CHARSET=utf8mb4 COLLATE=utf8mb4_general_ci;

--
-- Volcado de datos para la tabla `prestamos`
--

INSERT INTO `prestamos` (`id_prestamo`, `id_libro`, `fecha_prestamo`, `fecha_devolucion`) VALUES
(1, 1, '2024-08-01', '2024-08-30'),
(2, 2, '2024-07-10', '2024-07-20'),
(4, 1, '2024-08-01', '2024-08-15'),
(5, 2, '2024-07-10', '2024-07-20');

-- --------------------------------------------------------

--
-- Estructura de tabla para la tabla `prestamos_usuarios`
--

CREATE TABLE `prestamos_usuarios` (
  `ID_Prestamo` int(11) NOT NULL,
  `ID_Usuario` int(11) DEFAULT NULL,
  `ID_Libro` int(11) DEFAULT NULL,
  `Fecha_Prestamo` date DEFAULT NULL,
  `Fecha_Devolucion` date DEFAULT NULL
) ENGINE=InnoDB DEFAULT CHARSET=utf8mb4 COLLATE=utf8mb4_general_ci;

--
-- Volcado de datos para la tabla `prestamos_usuarios`
--

INSERT INTO `prestamos_usuarios` (`ID_Prestamo`, `ID_Usuario`, `ID_Libro`, `Fecha_Prestamo`, `Fecha_Devolucion`) VALUES
(1, 1, 1, '2024-08-01', '2024-08-15'),
(2, 2, 2, '2024-08-02', '2024-08-16');

-- --------------------------------------------------------

--
-- Estructura de tabla para la tabla `usuarios`
--

CREATE TABLE `usuarios` (
  `ID_Usuario` int(11) NOT NULL,
  `Nombre` varchar(100) DEFAULT NULL,
  `Direccion` varchar(200) DEFAULT NULL,
  `Telefono` varchar(20) DEFAULT NULL
) ENGINE=InnoDB DEFAULT CHARSET=utf8mb4 COLLATE=utf8mb4_general_ci;

--
-- Volcado de datos para la tabla `usuarios`
--

INSERT INTO `usuarios` (`ID_Usuario`, `Nombre`, `Direccion`, `Telefono`) VALUES
(1, 'Carlos Martínez', 'Calle Luna 123', '123456789'),
(2, 'Lucía Fernández', 'Avenida Sol 456', '987654321');

--
-- Índices para tablas volcadas
--

--
-- Indices de la tabla `autores`
--
ALTER TABLE `autores`
  ADD PRIMARY KEY (`id_autor`);

--
-- Indices de la tabla `categorias`
--
ALTER TABLE `categorias`
  ADD PRIMARY KEY (`ID_Categoria`);

--
-- Indices de la tabla `libros`
--
ALTER TABLE `libros`
  ADD PRIMARY KEY (`id_libro`),
  ADD KEY `id_autor` (`id_autor`),
  ADD KEY `id_categoria` (`id_categoria`);

--
-- Indices de la tabla `prestamos`
--
ALTER TABLE `prestamos`
  ADD PRIMARY KEY (`id_prestamo`),
  ADD KEY `id_libro` (`id_libro`);

--
-- Indices de la tabla `prestamos_usuarios`
--
ALTER TABLE `prestamos_usuarios`
  ADD PRIMARY KEY (`ID_Prestamo`),
  ADD KEY `ID_Usuario` (`ID_Usuario`),
  ADD KEY `ID_Libro` (`ID_Libro`);

--
-- Indices de la tabla `usuarios`
--
ALTER TABLE `usuarios`
  ADD PRIMARY KEY (`ID_Usuario`);

--
-- AUTO_INCREMENT de las tablas volcadas
--

--
-- AUTO_INCREMENT de la tabla `autores`
--
ALTER TABLE `autores`
  MODIFY `id_autor` int(11) NOT NULL AUTO_INCREMENT, AUTO_INCREMENT=7;

--
-- AUTO_INCREMENT de la tabla `categorias`
--
ALTER TABLE `categorias`
  MODIFY `ID_Categoria` int(11) NOT NULL AUTO_INCREMENT, AUTO_INCREMENT=9;

--
-- AUTO_INCREMENT de la tabla `libros`
--
ALTER TABLE `libros`
  MODIFY `id_libro` int(11) NOT NULL AUTO_INCREMENT, AUTO_INCREMENT=7;

--
-- AUTO_INCREMENT de la tabla `prestamos`
--
ALTER TABLE `prestamos`
  MODIFY `id_prestamo` int(11) NOT NULL AUTO_INCREMENT, AUTO_INCREMENT=7;

--
-- AUTO_INCREMENT de la tabla `prestamos_usuarios`
--
ALTER TABLE `prestamos_usuarios`
  MODIFY `ID_Prestamo` int(11) NOT NULL AUTO_INCREMENT, AUTO_INCREMENT=3;

--
-- AUTO_INCREMENT de la tabla `usuarios`
--
ALTER TABLE `usuarios`
  MODIFY `ID_Usuario` int(11) NOT NULL AUTO_INCREMENT, AUTO_INCREMENT=3;

--
-- Restricciones para tablas volcadas
--

--
-- Filtros para la tabla `libros`
--
ALTER TABLE `libros`
  ADD CONSTRAINT `libros_ibfk_1` FOREIGN KEY (`id_autor`) REFERENCES `autores` (`id_autor`),
  ADD CONSTRAINT `libros_ibfk_2` FOREIGN KEY (`id_categoria`) REFERENCES `categorias` (`ID_Categoria`);

--
-- Filtros para la tabla `prestamos`
--
ALTER TABLE `prestamos`
  ADD CONSTRAINT `prestamos_ibfk_1` FOREIGN KEY (`id_libro`) REFERENCES `libros` (`id_libro`);

--
-- Filtros para la tabla `prestamos_usuarios`
--
ALTER TABLE `prestamos_usuarios`
  ADD CONSTRAINT `prestamos_usuarios_ibfk_1` FOREIGN KEY (`ID_Usuario`) REFERENCES `usuarios` (`ID_Usuario`),
  ADD CONSTRAINT `prestamos_usuarios_ibfk_2` FOREIGN KEY (`ID_Libro`) REFERENCES `libros` (`id_libro`);
COMMIT;

/*!40101 SET CHARACTER_SET_CLIENT=@OLD_CHARACTER_SET_CLIENT */;
/*!40101 SET CHARACTER_SET_RESULTS=@OLD_CHARACTER_SET_RESULTS */;
/*!40101 SET COLLATION_CONNECTION=@OLD_COLLATION_CONNECTION */;
